email,password
user1@example.com,Password1!
user2@example.com,Password2!
user3@example.com,Password3!
user4@example.com,Password4!
user5@example.com,Password5!
user6@example.com,Password6!
user7@example.com,Password7!
user8@example.com,Password8!
user9@example.com,Password9!
user10@example.com,Password10!
user11@example.com,Password11!
user12@example.com,Password12!
user13@example.com,Password13!
user14@example.com,Password14!
user15@example.com,Password15!
user16@example.com,Password16!
user17@example.com,Password17!
user18@example.com,Password18!
user19@example.com,Password19!
user20@example.com,Password20!
user21@example.com,Password21!
user22@example.com,Password22!
user23@example.com,Password23!
user24@example.com,Password24!
user25@example.com,Password25!
user26@example.com,Password26!
user27@example.com,Password27!
user28@example.com,Password28!
user29@example.com,Password29!
user30@example.com,Password30!
user31@example.com,Password31!
user32@example.com,Password32!
user33@example.com,Password33!
user34@example.com,Password34!
user35@example.com,Password35!
user36@example.com,Password36!
user37@example.com,Password37!
user38@example.com,Password38!
user39@example.com,Password39!
user40@example.com,Password40!
user41@example.com,Password41!
user42@example.com,Password42!
user43@example.com,Password43!
user44@example.com,Password44!
user45@example.com,Password45!
user46@example.com,Password46!
user47@example.com,Password47!
user48@example.com,Password48!
user49@example.com,Password49!
user50@example.com,Password50!
user51@example.com,Password51!
user52@example.com,Password52!
user53@example.com,Password53!
user54@example.com,Password54!
user55@example.com,Password55!
user56@example.com,Password56!
user57@example.com,Password57!
user58@example.com,Password58!
user59@example.com,Password59!
user60@example.com,Password60!
user61@example.com,Password61!
user62@example.com,Password62!
user63@example.com,Password63!
user64@example.com,Password64!
user65@example.com,Password65!
user66@example.com,Password66!
user67@example.com,Password67!
user68@example.com,Password68!
user69@example.com,Password69!
user70@example.com,Password70!
user71@example.com,Password71!
user72@example.com,Password72!
user73@example.com,Password73!
user74@example.com,Password74!
user75@example.com,Password75!
user76@example.com,Password76!
user77@example.com,Password77!
user78@example.com,Password78!
user79@example.com,Password79!
user80@example.com,Password80!
user81@example.com,Password81!
user82@example.com,Password82!
user83@example.com,Password83!
user84@example.com,Password84!
user85@example.com,Password85!
user86@example.com,Password86!
user87@example.com,Password87!
user88@example.com,Password88!
user89@example.com,Password89!
user90@example.com,Password90!
user91@example.com,Password91!
user92@example.com,Password92!
user93@example.com,Password93!
user94@example.com,Password94!
user95@example.com,Password95!
user96@example.com,Password96!
user97@example.com,Password97!
user98@example.com,Password98!
user99@example.com,Password99!
user100@example.com,Password100!

